A -> B, 1 121,	0.21557939, 3.8996026E-7, 1.5368022
A -> !B, 1 121,	0.11113292, 0.9999996, 0.59609663
!A -> B, 1 121,	0.21378279, 0.3175207, 0.7395172
!A -> !B, 1 121,	0.4595049, 0.68247926, 1.1959938 , valid negative
A -> B, 116 122,	0.20562597, 5.7080587E-7, 1.1432455
A -> !B, 116 122,	0.007270336, 0.9999994, 0.22008184
!A -> B, 116 122,	0.63920605, 0.8120989, 0.9612549
!A -> !B, 116 122,	0.14789768, 0.18790112, 1.2109529
A -> B, 121 171,	0.29075423, 4.0020348E-7, 1.4434133
A -> !B, 121 171,	0.13860795, 0.9999996, 0.6081244
!A -> B, 121 171,	0.1783956, 0.3126249, 0.6663647
!A -> !B, 121 171,	0.39224222, 0.68737507, 1.2948571 , valid negative
A -> B, 121 379,	0.23495138, 3.2339463E-7, 1.6450089
A -> !B, 121 379,	0.1944108, 0.9999997, 0.67848796
!A -> B, 121 379,	0.09769741, 0.17120738, 0.51467913
!A -> !B, 121 379,	0.47294042, 0.82879263, 1.2419137 , valid negative
A -> B, 121 469,	0.2031976, 2.7968773E-7, 1.9381924
A -> !B, 121 469,	0.22616458, 0.9999997, 0.6969129
!A -> B, 121 469,	0.040975556, 0.07180659, 0.2940806
!A -> !B, 121 469,	0.52966225, 0.9281934, 1.2280504 , valid negative
A -> B, 122 422,	0.23027489, 1.610849E-7, 1.1071103
A -> !B, 122 422,	0.61455715, 0.9999998, 0.9650169
!A -> B, 122 422,	0.01592359, 0.10262161, 0.4168247
!A -> !B, 122 422,	0.1392444, 0.8973784, 1.1904703 , valid negative
A -> B, 124 150,	0.24622388, 2.7747976E-7, 1.1724033
A -> !B, 124 150,	0.27819395, 0.9999997, 0.88483673
!A -> B, 124 150,	0.15425138, 0.32434222, 0.8098933
!A -> !B, 124 150,	0.3213308, 0.67565775, 1.1269889 , valid negative
A -> B, 146 516,	0.26997864, 4.0031708E-7, 1.3356286
A -> !B, 146 516,	0.1285907, 0.9999996, 0.6546277
!A -> B, 146 516,	0.23717529, 0.39435184, 0.77757823
!A -> !B, 146 516,	0.36425537, 0.60564816, 1.228879 , valid negative
A -> B, 149 171,	0.2083782, 3.28552E-7, 1.184988
A -> !B, 149 171,	0.16644526, 0.99999964, 0.83651304
!A -> B, 149 171,	0.26077163, 0.4171168, 0.8890908
!A -> !B, 149 171,	0.36440492, 0.58288324, 1.0980183 , valid negative
A -> B, 158 171,	0.23173463, 3.432043E-7, 1.2378345
A -> !B, 158 171,	0.16730571, 0.99999964, 0.78980887
!A -> B, 158 171,	0.2374152, 0.39506012, 0.8420766
!A -> !B, 158 171,	0.36354446, 0.6049399, 1.1395681 , valid negative
A -> B, 20 49,	0.2375925, 5.476387E-7, 1.3307264
A -> !B, 20 49,	0.018807009, 0.99999946, 0.24156128
!A -> B, 20 49,	0.45875615, 0.616939, 0.8859628
!A -> !B, 20 49,	0.28484434, 0.383061, 1.2615159
A -> B, 22 146,	0.23040846, 4.1676185E-7, 1.7693161
A -> !B, 22 146,	0.09632158, 0.9999996, 0.49017256
!A -> B, 22 146,	0.16816089, 0.2497674, 0.62665975
!A -> !B, 22 146,	0.5051091, 0.7502326, 1.2474133 , valid negative
A -> B, 379 516,	0.25707442, 4.5672158E-7, 1.5238181
A -> !B, 379 516,	0.07557437, 0.9999995, 0.4609749
!A -> B, 379 516,	0.2500795, 0.37473446, 0.7388969
!A -> !B, 379 516,	0.41727173, 0.62526554, 1.2686832 , valid negative
A -> B, 476 516,	0.23616113, 4.7521058E-7, 1.5855054
A -> !B, 476 516,	0.057536826, 0.9999995, 0.39749685
!A -> B, 476 516,	0.27099282, 0.38367838, 0.7565324
!A -> !B, 476 516,	0.43530923, 0.6163216, 1.2505357 , valid negative
A -> B, 49 471,	0.20309891, 1.7236911E-7, 1.340948
A -> !B, 49 471,	0.49324977, 0.9999998, 0.9052291
!A -> B, 49 471,	0.014405921, 0.047442313, 0.21812071
!A -> !B, 49 471,	0.28924543, 0.95255774, 1.2173338 , valid negative
A -> B, 49 516,	0.44733885, 3.7965444E-7, 1.2666892
A -> !B, 49 516,	0.24900982, 0.99999964, 0.72556853
!A -> B, 49 516,	0.05981508, 0.19698606, 0.3884147
!A -> !B, 49 516,	0.24383625, 0.8030139, 1.6293403 , valid negative
A -> B, 49 84,	0.3009133, 2.5538375E-7, 1.2886621
A -> !B, 49 84,	0.39543536, 0.99999976, 0.85436666
!A -> B, 49 84,	0.03441915, 0.11335089, 0.3380254
!A -> !B, 49 84,	0.26923218, 0.88664913, 1.3339739 , valid negative
A -> B, 51 171,	0.2948681, 3.7448422E-7, 1.3506516
A -> !B, 51 171,	0.17047459, 0.99999964, 0.69010437
!A -> B, 51 171,	0.17428172, 0.325969, 0.69480795
!A -> !B, 51 171,	0.36037558, 0.67403096, 1.2697198 , valid negative
A -> B, 51 379,	0.24459513, 3.1063723E-7, 1.580116
A -> !B, 51 379,	0.22074758, 0.9999997, 0.7108346
!A -> B, 51 379,	0.08805366, 0.16469178, 0.49509203
!A -> !B, 51 379,	0.44660366, 0.83530825, 1.251677 , valid negative
A -> B, 51 81,	0.22603573, 2.8706668E-7, 1.5447073
A -> !B, 51 81,	0.23930697, 0.9999997, 0.75014675
!A -> B, 51 81,	0.088418886, 0.16537488, 0.5259102
!A -> !B, 51 81,	0.4462384, 0.83462507, 1.2174615 , valid negative
A -> B, 511 516,	0.2273755, 5.069677E-7, 1.6914605
A -> !B, 511 516,	0.03768316, 0.99999946, 0.2884656
!A -> B, 511 516,	0.27977842, 0.38068128, 0.75062275
!A -> !B, 511 516,	0.45516294, 0.6193187, 1.256617 , valid negative
A -> B, 60 171,	0.26157242, 4.074521E-7, 1.4695568
A -> !B, 60 171,	0.11782467, 0.9999996, 0.5850194
!A -> B, 60 171,	0.2075774, 0.334477, 0.71294284
!A -> !B, 60 171,	0.4130255, 0.665523, 1.2536927 , valid negative
A -> B, 60 379,	0.21171433, 3.2978798E-7, 1.67753
A -> !B, 60 379,	0.16768277, 0.99999964, 0.66227746
!A -> B, 60 379,	0.12093446, 0.19486608, 0.58580124
!A -> !B, 60 379,	0.49966845, 0.80513394, 1.206462 , valid negative
A -> B, 60 81,	0.20937401, 3.2614247E-7, 1.7549745
A -> !B, 60 81,	0.17002308, 0.9999997, 0.6536988
!A -> B, 60 81,	0.105080605, 0.1693202, 0.5384567
!A -> !B, 60 81,	0.5155223, 0.83067983, 1.2117065 , valid negative
A -> B, 8 1051,	0.23853926, 1.8213359E-7, 1.2677542
A -> !B, 8 1051,	0.53547406, 0.9999998, 0.9140053
!A -> B, 8 1051,	0.0045559257, 0.020160154, 0.08293111
!A -> !B, 8 1051,	0.22143073, 0.97983986, 1.294535 , valid negative
A -> B, 8 124,	0.4737436, 3.6172082E-7, 1.1671252
A -> !B, 8 124,	0.30026975, 0.99999964, 0.81571335
!A -> B, 8 124,	0.05067423, 0.22423549, 0.4275894
!A -> !B, 8 124,	0.17531243, 0.7757645, 1.6311892 , valid negative
A -> B, 8 14,	0.20828423, 1.5903274E-7, 1.2670777
A -> !B, 8 14,	0.56572914, 0.9999998, 0.927985
!A -> B, 8 14,	0.004091412, 0.018104661, 0.08524829
!A -> !B, 8 14,	0.22189525, 0.9818953, 1.2466544 , valid negative
A -> B, 8 142,	0.21518579, 1.6430234E-7, 1.2613915
A -> !B, 8 142,	0.5588275, 0.9999998, 0.9261014
!A -> B, 8 142,	0.005216062, 0.023081284, 0.10472363
!A -> !B, 8 142,	0.2207706, 0.9769187, 1.2531055 , valid negative
A -> B, 8 476,	0.27847174, 2.1262352E-7, 1.2249877
A -> !B, 8 476,	0.4955416, 0.99999976, 0.9064445
!A -> B, 8 476,	0.015226215, 0.06737661, 0.22940783
!A -> !B, 8 476,	0.21076044, 0.9326234, 1.3204314 , valid negative
A -> B, 8 511,	0.25959677, 1.9821177E-7, 1.2653446
A -> !B, 8 511,	0.5144166, 0.9999998, 0.9043027
!A -> B, 8 511,	0.0054619014, 0.024169132, 0.09118409
!A -> !B, 8 511,	0.22052476, 0.97583085, 1.327767 , valid negative
A -> B, 8 863,	0.2142473, 1.6358577E-7, 1.2612845
A -> !B, 8 863,	0.55976605, 0.9999998, 0.92653644
!A -> B, 8 863,	0.0052119195, 0.023062952, 0.10508992
!A -> !B, 8 863,	0.22077474, 0.97693706, 1.2516156 , valid negative
A -> B, 1 124,	0.24633558, 4.4559494E-7, 1.4377527
A -> !B, 1 124,	0.08037673, 0.9999996, 0.5172962
!A -> B, 1 124,	0.27808225, 0.41302145, 0.78758085
!A -> !B, 1 124,	0.39520544, 0.58697855, 1.2342316 , valid negative
A -> B, 121 516,	0.34447268, 4.7414326E-7, 1.5819443
A -> !B, 121 516,	0.0848895, 0.9999995, 0.40116116
!A -> B, 121 516,	0.16268125, 0.2850867, 0.5621305
!A -> !B, 121 516,	0.40795657, 0.7149133, 1.4505813 , valid negative
A -> B, 122 1051,	0.23967573, 1.676611E-7, 1.1670175
A -> !B, 122 1051,	0.6051563, 0.9999998, 0.94635904
!A -> B, 122 1051,	0.0034194589, 0.02203714, 0.0906523
!A -> !B, 122 1051,	0.15174854, 0.97796285, 1.2920552 , valid negative
A -> B, 122 146,	0.3783682, 2.6468106E-7, 1.1236742
A -> !B, 122 146,	0.4664638, 0.99999976, 0.91804093
!A -> B, 122 146,	0.020201147, 0.13018887, 0.32664046
!A -> !B, 122 146,	0.13496685, 0.8698111, 1.4462367 , valid negative
A -> B, 122 308,	0.3316695, 2.3201379E-7, 1.1121573
A -> !B, 122 308,	0.5131625, 0.99999976, 0.9388087
!A -> B, 122 308,	0.021325797, 0.13743682, 0.38934463
!A -> !B, 122 308,	0.1338422, 0.8625632, 1.3331636 , valid negative
A -> B, 122 524,	0.30118755, 2.1069064E-7, 1.1254382
A -> !B, 122 524,	0.5436444, 0.99999976, 0.9418421
!A -> B, 122 524,	0.015583158, 0.10042765, 0.3170358
!A -> !B, 122 524,	0.13958484, 0.8995724, 1.3166478 , valid negative
A -> B, 124 171,	0.31370112, 3.535226E-7, 1.2750496
A -> !B, 124 171,	0.2107167, 0.99999964, 0.75691926
!A -> B, 124 171,	0.1554487, 0.3268598, 0.69670665
!A -> !B, 124 171,	0.32013348, 0.67314017, 1.2680417 , valid negative
A -> B, 124 379,	0.2552199, 2.8761775E-7, 1.463023
A -> !B, 124 379,	0.2691979, 0.9999997, 0.7692009
!A -> B, 124 379,	0.07742888, 0.16280861, 0.489431
!A -> !B, 124 379,	0.3981533, 0.8371914, 1.2544988 , valid negative
A -> B, 14 49,	0.20067112, 5.584172E-7, 1.3569174
A -> !B, 14 49,	0.011704519, 0.99999946, 0.18149878
!A -> B, 14 49,	0.49567753, 0.6293324, 0.90376043
!A -> !B, 14 49,	0.29194683, 0.3706676, 1.2207013
A -> B, 149 516,	0.2266474, 3.5735727E-7, 1.1922963
A -> !B, 149 516,	0.14817604, 0.99999964, 0.8021211
!A -> B, 149 516,	0.28050652, 0.44868368, 0.8847091
!A -> !B, 149 516,	0.34467003, 0.5513163, 1.1186379 , valid negative
A -> B, 158 516,	0.2293234, 3.396332E-7, 1.1331614
A -> !B, 158 516,	0.16971694, 0.99999964, 0.86297274
!A -> B, 158 516,	0.27783054, 0.46231148, 0.91158015
!A -> !B, 158 516,	0.32312912, 0.53768855, 1.0909867 , valid negative
A -> B, 171 476,	0.20832856, 2.6243143E-7, 1.5119462
A -> !B, 171 476,	0.26082128, 0.99999976, 0.7871201
!A -> B, 171 476,	0.08536939, 0.16081636, 0.54755694
!A -> !B, 171 476,	0.44548076, 0.8391836, 1.1881369 , valid negative
A -> B, 20 51,	0.20466325, 4.7173845E-7, 1.7153382
A -> !B, 20 51,	0.051736265, 0.9999995, 0.37740043
!A -> B, 20 51,	0.26067945, 0.35056385, 0.75334555
!A -> !B, 20 51,	0.48292103, 0.6494361, 1.2146775 , valid negative
A -> B, 20 60,	0.20037268, 4.6184888E-7, 2.0598106
A -> !B, 20 60,	0.05602683, 0.9999995, 0.3520992
!A -> B, 20 60,	0.17902441, 0.24075349, 0.63456863
!A -> !B, 20 60,	0.5645761, 0.7592465, 1.2234015 , valid negative
A -> B, 22 121,	0.24831894, 4.4915825E-7, 1.7700967
A -> !B, 22 121,	0.0784111, 0.9999995, 0.42055997
!A -> B, 22 121,	0.18104324, 0.2689014, 0.6262811
!A -> !B, 22 121,	0.49222675, 0.7310986, 1.2811954 , valid negative
A -> B, 49 122,	0.6590118, 5.593003E-7, 1.1202012
A -> !B, 49 122,	0.037336886, 0.99999946, 0.34554866
!A -> B, 49 122,	0.18582022, 0.6119526, 0.72434825
!A -> !B, 49 122,	0.11783111, 0.3880474, 2.500821
A -> B, 49 140,	0.22593881, 1.9175323E-7, 1.3009256
A -> !B, 49 140,	0.47040987, 0.9999998, 0.90000755
!A -> B, 49 140,	0.02346991, 0.0772923, 0.30990216
!A -> !B, 49 140,	0.2801814, 0.9227077, 1.2293077 , valid negative
A -> B, 49 519,	0.21130714, 1.793354E-7, 1.3320949
A -> !B, 49 519,	0.48504153, 0.9999998, 0.902032
!A -> B, 49 519,	0.016492099, 0.054312617, 0.23842318
!A -> !B, 49 519,	0.28715923, 0.94568735, 1.2246652 , valid negative
A -> B, 51 516,	0.3445235, 4.3754682E-7, 1.459843
A -> !B, 51 516,	0.12081921, 0.9999996, 0.5268073
!A -> B, 51 516,	0.16263044, 0.304177, 0.5997725
!A -> !B, 51 516,	0.37202686, 0.695823, 1.4118465 , valid negative
A -> B, 51 84,	0.24714524, 3.138759E-7, 1.5838124
A -> !B, 51 84,	0.21819746, 0.9999997, 0.7054599
!A -> B, 51 84,	0.08818722, 0.16494158, 0.49187478
!A -> !B, 51 84,	0.44647008, 0.83505845, 1.256355 , valid negative
A -> B, 514 516,	0.26458883, 4.8117556E-7, 1.6054071
A -> !B, 514 516,	0.060383588, 0.9999995, 0.37701717
!A -> B, 514 516,	0.2425651, 0.359341, 0.70854425
!A -> !B, 514 516,	0.4324625, 0.640659, 1.2999171 , valid negative
A -> B, 6 516,	0.21682696, 4.953588E-7, 1.6527284
A -> !B, 6 516,	0.04185848, 0.9999995, 0.32832214
!A -> B, 6 516,	0.29032695, 0.391638, 0.7722271
!A -> !B, 6 516,	0.45098758, 0.60836196, 1.2343854 , valid negative
A -> B, 6 8,	0.2537105, 5.796222E-7, 1.2671208
A -> !B, 6 8,	0.0049749315, 0.9999994, 0.08510054
!A -> B, 6 8,	0.52030283, 0.70186514, 0.9067869
!A -> !B, 6 8,	0.2210117, 0.29813486, 1.3192586
A -> B, 60 516,	0.30301547, 4.7200803E-7, 1.5748203
A -> !B, 60 516,	0.076381624, 0.9999995, 0.40849206
!A -> B, 60 516,	0.20413846, 0.3289357, 0.64859146
!A -> !B, 60 516,	0.41646445, 0.6710643, 1.3616103 , valid negative
A -> B, 60 84,	0.23820181, 3.7104763E-7, 1.8723001
A -> !B, 60 84,	0.14119528, 0.99999964, 0.55991447
!A -> B, 60 84,	0.09713064, 0.15651013, 0.46673125
!A -> !B, 60 84,	0.52347225, 0.8434898, 1.2690402 , valid negative
A -> B, 76 122,	0.22583008, 5.776651E-7, 1.1569835
A -> !B, 76 122,	0.005208373, 0.9999994, 0.1452833
!A -> B, 76 122,	0.6190019, 0.8049842, 0.95283353
!A -> !B, 76 122,	0.14995962, 0.19501576, 1.256804
A -> B, 8 406,	0.214057, 1.6344046E-7, 1.2570735
A -> !B, 8 406,	0.5599563, 0.9999998, 0.92749256
!A -> B, 8 406,	0.0059417933, 0.026292672, 0.119512804
!A -> !B, 8 406,	0.22004487, 0.9737073, 1.2483407 , valid negative
A -> B, 8 514,	0.31566024, 2.410183E-7, 1.2549456
A -> !B, 8 514,	0.4583531, 0.99999976, 0.8772638
!A -> B, 8 514,	0.009312183, 0.04120678, 0.12680085
!A -> !B, 8 514,	0.21667448, 0.9587932, 1.4203763 , valid negative
A -> B, 81 171,	0.21728557, 4.083678E-7, 1.4728596
A -> !B, 81 171,	0.09716904, 0.9999996, 0.5821005
!A -> B, 81 171,	0.25186425, 0.36739254, 0.78310275
!A -> !B, 81 171,	0.43368113, 0.63260746, 1.1916875 , valid negative
A -> B, 1 516,	0.23029204, 4.1657387E-7, 1.3898683
A -> !B, 1 516,	0.09642027, 0.9999996, 0.5988135
!A -> B, 1 516,	0.2768619, 0.41120893, 0.8108168
!A -> !B, 1 516,	0.39642578, 0.5887911, 1.1946754 , valid negative
A -> B, 1 8,	0.30264726, 5.474568E-7, 1.1968035
A -> !B, 1 8,	0.024065048, 0.99999946, 0.32594058
!A -> B, 1 8,	0.47136608, 0.7000961, 0.9045013
!A -> !B, 1 8,	0.20192161, 0.2999039, 1.3270867
A -> B, 121 124,	0.33320194, 4.5862987E-7, 1.4798112
A -> !B, 121 124,	0.09616023, 0.9999995, 0.47091892
!A -> B, 121 124,	0.19121587, 0.33509147, 0.63897806
!A -> !B, 121 124,	0.37942195, 0.6649085, 1.3980938 , valid negative
A -> B, 121 476,	0.22147508, 3.0484543E-7, 1.7563059
A -> !B, 121 476,	0.2078871, 0.9999997, 0.6855092
!A -> B, 121 476,	0.07222287, 0.12656517, 0.43093652
!A -> !B, 121 476,	0.49841493, 0.8734348, 1.2366307 , valid negative
A -> B, 121 511,	0.21622652, 2.9762114E-7, 1.8999543
A -> !B, 121 511,	0.21313566, 0.9999997, 0.6754289
!A -> B, 121 511,	0.04883215, 0.08557468, 0.32285187
!A -> !B, 121 511,	0.52180564, 0.91442525, 1.2442153 , valid negative
A -> B, 122 123,	0.2276379, 1.5924024E-7, 1.178189
A -> !B, 122 123,	0.6171941, 0.9999998, 0.94716585
!A -> B, 122 123,	0.0010584593, 0.0068213763, 0.029827219
!A -> !B, 122 123,	0.15410954, 0.9931786, 1.2876623 , valid negative
A -> B, 122 150,	0.35812154, 2.5051787E-7, 1.0584842
A -> !B, 122 150,	0.48671046, 0.99999976, 0.96093327
!A -> B, 122 150,	0.04235372, 0.27295396, 0.68157506
!A -> !B, 122 150,	0.11281428, 0.727046, 1.212704 , valid negative
A -> B, 122 376,	0.22824131, 1.5966235E-7, 1.1652206
A -> !B, 122 376,	0.6165907, 0.9999998, 0.95013034
!A -> B, 122 376,	0.0036132932, 0.02328633, 0.100435056
!A -> !B, 122 376,	0.1515547, 0.97671366, 1.2715219 , valid negative
A -> B, 122 448,	0.20806143, 1.4554584E-7, 1.1717618
A -> !B, 122 448,	0.6367706, 0.9999999, 0.95429355
!A -> B, 122 448,	0.0021139681, 0.013623738, 0.0648208
!A -> !B, 122 448,	0.15305403, 0.9863763, 1.2488549 , valid negative
A -> B, 124 149,	0.2282277, 2.5719913E-7, 1.1610855
A -> !B, 124 149,	0.2961901, 0.99999976, 0.9034216
!A -> B, 124 149,	0.14659575, 0.30824482, 0.82237333
!A -> !B, 124 149,	0.32898644, 0.6917552, 1.1064956 , valid negative
A -> B, 124 158,	0.24743836, 2.788484E-7, 1.1824228
A -> !B, 124 158,	0.27697945, 0.9999997, 0.8788703
!A -> B, 124 158,	0.15160199, 0.31877136, 0.79884493
!A -> !B, 124 158,	0.3239802, 0.68122864, 1.133568 , valid negative
A -> B, 146 514,	0.20507872, 3.0408523E-7, 1.5833254
A -> !B, 146 514,	0.19349062, 0.9999997, 0.7191748
!A -> B, 146 514,	0.1198937, 0.19934751, 0.613429
!A -> !B, 146 514,	0.48153695, 0.8006525, 1.1861033 , valid negative
A -> B, 171 516,	0.32515565, 4.0959847E-7, 1.3665954
A -> !B, 171 516,	0.14399418, 0.9999996, 0.62276196
!A -> B, 171 516,	0.18199828, 0.34284303, 0.67601377
!A -> !B, 171 516,	0.3488519, 0.65715694, 1.3333919 , valid negative
A -> B, 22 171,	0.22981688, 4.1569183E-7, 1.4992751
A -> !B, 22 171,	0.09691316, 0.9999996, 0.55875534
!A -> B, 22 171,	0.23933294, 0.3554784, 0.75770766
!A -> !B, 22 171,	0.43393704, 0.6445216, 1.2141309 , valid negative
A -> B, 49 406,	0.20575185, 1.7462065E-7, 1.343064
A -> !B, 49 406,	0.49059683, 0.9999998, 0.9032391
!A -> B, 49 406,	0.014246941, 0.04691875, 0.2132682
!A -> !B, 49 406,	0.2894044, 0.95308125, 1.2218971 , valid negative
A -> B, 49 514,	0.30070823, 2.552097E-7, 1.3288381
A -> !B, 49 514,	0.39564043, 0.99999976, 0.8416904
!A -> B, 49 514,	0.024264187, 0.07990805, 0.24589181
!A -> !B, 49 514,	0.27938715, 0.9200919, 1.3630434 , valid negative
A -> B, 51 124,	0.3383187, 4.296667E-7, 1.3863589
A -> !B, 51 124,	0.127024, 0.9999996, 0.5739675
!A -> B, 51 124,	0.18609911, 0.34807178, 0.66372985
!A -> !B, 51 124,	0.3485582, 0.65192825, 1.3708004 , valid negative
A -> B, 51 476,	0.21779205, 2.7659715E-7, 1.5935591
A -> !B, 51 476,	0.24755065, 0.9999997, 0.75318336
!A -> B, 51 476,	0.075905904, 0.14197114, 0.48339164
!A -> !B, 51 476,	0.45875138, 0.8580288, 1.2148186 , valid negative
A -> B, 51 511,	0.20930369, 2.658169E-7, 1.6969223
A -> !B, 51 511,	0.25603902, 0.99999976, 0.748653
!A -> B, 51 511,	0.055754974, 0.1042817, 0.39342874
!A -> !B, 51 511,	0.47890234, 0.89571834, 1.2187616 , valid negative
A -> B, 6 124,	0.20399721, 4.6604816E-7, 1.5037472
A -> !B, 6 124,	0.05468823, 0.9999995, 0.44452512
!A -> B, 6 124,	0.32042062, 0.43223304, 0.824215
!A -> !B, 6 124,	0.4208939, 0.56776696, 1.1938356 , valid negative
A -> B, 60 124,	0.2961192, 4.6126573E-7, 1.4883159
A -> !B, 60 124,	0.08327788, 0.9999995, 0.4615408
!A -> B, 60 124,	0.2282986, 0.36786583, 0.7014747
!A -> !B, 60 124,	0.3923043, 0.63213414, 1.3291796 , valid negative
A -> B, 8 122,	0.72565985, 5.5406827E-7, 1.1097223
A -> !B, 8 122,	0.048353493, 0.99999946, 0.40260324
!A -> B, 8 122,	0.119172156, 0.52734154, 0.62419695
!A -> !B, 8 122,	0.1068145, 0.47265846, 3.0461078
A -> B, 8 140,	0.23651159, 1.8058537E-7, 1.2251587
A -> !B, 8 140,	0.53750175, 0.9999998, 0.9251836
!A -> B, 8 140,	0.012897134, 0.057070334, 0.22882253
!A -> !B, 8 140,	0.21308953, 0.9429297, 1.2562492 , valid negative
A -> B, 8 49,	0.63113135, 4.8189224E-7, 1.1709667
A -> !B, 8 49,	0.14288199, 0.9999995, 0.60793036
!A -> B, 8 49,	0.065217316, 0.28858924, 0.41443208
!A -> !B, 8 49,	0.16076934, 0.71141076, 2.342854 , valid negative
A -> B, 8 519,	0.22200166, 1.695065E-7, 1.2590864
A -> !B, 8 519,	0.55201167, 0.9999998, 0.9235695
!A -> B, 8 519,	0.00579758, 0.025654523, 0.112619
!A -> !B, 8 519,	0.22018908, 0.9743455, 1.2617774 , valid negative
A -> B, 8 76,	0.22042786, 1.6830485E-7, 1.232633
A -> !B, 8 76,	0.55358547, 0.9999998, 0.93010426
!A -> B, 8 76,	0.010610595, 0.046952307, 0.20322292
!A -> !B, 8 76,	0.21537606, 0.9530477, 1.2393959 , valid negative
A -> B, 81 121,	0.23088834, 4.3393294E-7, 1.7100949
A -> !B, 81 121,	0.08356628, 0.9999996, 0.46570677
!A -> B, 81 121,	0.19847384, 0.28951234, 0.67428464
!A -> !B, 81 121,	0.48707154, 0.71048766, 1.2450764 , valid negative
A -> B, 84 146,	0.20859864, 3.67633E-7, 1.5607451
A -> !B, 84 146,	0.12673381, 0.99999964, 0.628393
!A -> B, 84 146,	0.1899707, 0.28581312, 0.7170975
!A -> !B, 84 146,	0.47469684, 0.7141869, 1.1874801 , valid negative
A -> B, 121 123,	0.20027752, 2.756684E-7, 2.0396194
A -> !B, 121 123,	0.22908466, 0.9999997, 0.69174623
!A -> B, 121 123,	0.028418839, 0.049801886, 0.21776423
!A -> !B, 121 123,	0.542219, 0.9501981, 1.2319378 , valid negative
A -> B, 122 140,	0.24335109, 1.7023213E-7, 1.1549184
A -> !B, 122 140,	0.6014809, 0.9999998, 0.9485233
!A -> B, 122 140,	0.006057635, 0.039039202, 0.15652701
!A -> !B, 122 140,	0.14911036, 0.9609608, 1.2802718 , valid negative
A -> B, 122 294,	0.20428324, 1.4290288E-7, 1.1393954
A -> !B, 122 294,	0.64054877, 0.9999999, 0.96244806
!A -> B, 122 294,	0.007937565, 0.051154654, 0.24104448
!A -> !B, 122 294,	0.14723043, 0.9488453, 1.204456 , valid negative
A -> B, 122 519,	0.22415757, 1.5680563E-7, 1.1647449
A -> !B, 122 519,	0.62067443, 0.9999998, 0.9514003
!A -> B, 122 519,	0.003641665, 0.023469176, 0.1030257
!A -> !B, 122 519,	0.15152633, 0.97653085, 1.2646074 , valid negative
A -> B, 124 878,	0.27459484, 3.0945216E-7, 1.3072187
A -> !B, 124 878,	0.24982297, 0.9999997, 0.7947099
!A -> B, 124 878,	0.12596434, 0.26486346, 0.66123426
!A -> !B, 124 878,	0.34961784, 0.7351365, 1.2263705 , valid negative
A -> B, 146 171,	0.2507804, 3.7185043E-7, 1.3411524
A -> !B, 146 171,	0.14778894, 0.99999964, 0.6984995
!A -> B, 146 171,	0.21836942, 0.3630833, 0.77391756
!A -> !B, 146 171,	0.38306123, 0.6369167, 1.199805 , valid negative
A -> B, 149 150,	0.2427932, 3.828145E-7, 1.6174619
A -> !B, 149 150,	0.13203025, 0.99999964, 0.5875429
!A -> B, 149 150,	0.15768206, 0.25222006, 0.62980187
!A -> !B, 149 150,	0.4674945, 0.74777997, 1.2472879 , valid negative
A -> B, 171 308,	0.20549063, 2.588565E-7, 1.2408278
A -> !B, 171 308,	0.26365918, 0.99999976, 0.86860806
!A -> B, 171 308,	0.14750467, 0.277865, 0.7871634
!A -> !B, 171 308,	0.38334548, 0.722135, 1.1161202 , valid negative
A -> B, 171 524,	0.20562774, 2.590292E-7, 1.3836465
A -> !B, 171 524,	0.2635221, 0.99999976, 0.8221271
!A -> B, 171 524,	0.11114296, 0.20936786, 0.6609445
!A -> !B, 171 524,	0.4197072, 0.7906321, 1.1571988 , valid negative
A -> B, 49 171,	0.3974642, 3.3732604E-7, 1.2166332
A -> !B, 49 171,	0.29888448, 0.99999964, 0.8085459
!A -> B, 49 171,	0.07168564, 0.2360788, 0.50320554
!A -> !B, 49 171,	0.23196569, 0.7639212, 1.4390525 , valid negative
A -> B, 49 379,	0.30365726, 2.5771254E-7, 1.3109043
A -> !B, 49 379,	0.3926914, 0.99999976, 0.8450262
!A -> B, 49 379,	0.02899152, 0.09547635, 0.28701848
!A -> !B, 49 379,	0.2746598, 0.9045237, 1.3553936 , valid negative
A -> B, 49 469,	0.23130676, 1.9630899E-7, 1.3603907
A -> !B, 49 469,	0.4650419, 0.9999998, 0.8835742
!A -> B, 49 469,	0.012866393, 0.042372257, 0.17353365
!A -> !B, 49 469,	0.29078496, 0.9576278, 1.2669936 , valid negative
A -> B, 49 603,	0.22237988, 1.8873278E-7, 1.334349
A -> !B, 49 603,	0.4739688, 0.9999998, 0.89480287
!A -> B, 49 603,	0.016951308, 0.05582491, 0.2332538
!A -> !B, 49 603,	0.2867, 0.94417506, 1.2412432 , valid negative
A -> B, 49 81,	0.29199767, 2.478171E-7, 1.3335052
A -> !B, 49 81,	0.404351, 0.99999976, 0.8470237
!A -> B, 49 81,	0.022456944, 0.07395635, 0.23518926
!A -> !B, 49 81,	0.2811944, 0.9260436, 1.3508132 , valid negative
A -> B, 51 150,	0.20383823, 2.5887573E-7, 1.0937978
A -> !B, 51 150,	0.26150447, 0.99999976, 0.93734425
!A -> B, 51 150,	0.19663703, 0.36778146, 0.91836244
!A -> !B, 51 150,	0.33802027, 0.63221854, 1.0545329 , valid negative
A -> B, 51 60,	0.27327517, 3.4706105E-7, 1.5478656
A -> !B, 51 60,	0.19206753, 0.99999964, 0.6650698
!A -> B, 51 60,	0.10612193, 0.19848588, 0.52316135
!A -> !B, 51 60,	0.42853537, 0.8015141, 1.2915088 , valid negative
A -> B, 8 121,	0.4129522, 3.1530436E-7, 1.2425892
A -> !B, 8 121,	0.36106113, 0.9999997, 0.81746984
!A -> B, 8 121,	0.016409963, 0.072614744, 0.16912235
!A -> !B, 8 121,	0.2095767, 0.9273853, 1.6251731 , valid negative
A -> B, 8 149,	0.31865653, 2.433061E-7, 1.0983675
A -> !B, 8 149,	0.4553568, 0.99999976, 0.941024
!A -> B, 8 149,	0.056166917, 0.24854085, 0.6630878
!A -> !B, 8 149,	0.16981974, 0.7514591, 1.2019951 , valid negative
A -> B, 8 158,	0.3363052, 2.567815E-7, 1.0888507
A -> !B, 8 158,	0.43770814, 0.99999976, 0.94100267
!A -> B, 8 158,	0.06273514, 0.2776055, 0.69568276
!A -> !B, 8 158,	0.16325152, 0.7223945, 1.2020682 , valid negative
A -> B, 8 20,	0.24908426, 1.9018509E-7, 1.2551067
A -> !B, 8 20,	0.52492905, 0.9999998, 0.9120371
!A -> B, 8 20,	0.0073152483, 0.032370266, 0.12624933
!A -> !B, 8 20,	0.21867141, 0.96762973, 1.3012763 , valid negative
A -> B, 8 220,	0.23295975, 1.7787342E-7, 1.1039268
A -> !B, 8 220,	0.5410536, 0.9999998, 0.9610443
!A -> B, 8 220,	0.03968188, 0.17559391, 0.6440466
!A -> !B, 8 220,	0.18630478, 0.8244061, 1.133425 , valid negative
A -> B, 8 275,	0.2066992, 1.5782253E-7, 1.2375069
A -> !B, 8 275,	0.56731415, 0.9999998, 0.9346434
!A -> B, 8 275,	0.009096488, 0.040252324, 0.18652979
!A -> !B, 8 275,	0.21689017, 0.9597477, 1.223849 , valid negative
A -> B, 8 509,	0.21662249, 1.6539931E-7, 1.264247
A -> !B, 8 509,	0.55739087, 0.9999998, 0.92487174
!A -> B, 8 509,	0.00474976, 0.021017877, 0.094943605
!A -> !B, 8 509,	0.2212369, 0.97898215, 1.2573173 , valid negative
A -> B, 8 590,	0.20973451, 1.6014009E-7, 1.226536
A -> !B, 8 590,	0.56427884, 0.9999998, 0.93576103
!A -> B, 8 590,	0.011188582, 0.04950992, 0.22410476
!A -> !B, 8 590,	0.21479808, 0.95049006, 1.2200209 , valid negative
A -> B, 8 84,	0.31884152, 2.4344735E-7, 1.2284312
A -> !B, 8 84,	0.45517182, 0.99999976, 0.88475376
!A -> B, 8 84,	0.016490936, 0.07297305, 0.21761405
!A -> !B, 8 84,	0.20949572, 0.9270269, 1.3947227 , valid negative
A -> B, 8 905,	0.25168934, 1.9217416E-7, 1.188366
A -> !B, 8 905,	0.52232397, 0.9999998, 0.9290403
!A -> B, 8 905,	0.021942198, 0.0970951, 0.35483888
!A -> !B, 8 905,	0.20404446, 0.90290487, 1.2430398 , valid negative
A -> B, 84 514,	0.20394756, 3.5943597E-7, 1.8715284
A -> !B, 84 514,	0.1313849, 0.99999964, 0.58042794
!A -> B, 84 514,	0.12102486, 0.18208331, 0.56030387
!A -> !B, 84 514,	0.5436427, 0.8179167, 1.2116789 , valid negative
A -> B, 121 146,	0.25318098, 3.4848645E-7, 1.4794606
A -> !B, 121 146,	0.1761812, 0.99999964, 0.68226045
!A -> B, 121 146,	0.14538836, 0.2547822, 0.6392419
!A -> !B, 121 146,	0.42524946, 0.7452178, 1.2390752 , valid negative
A -> B, 122 406,	0.21660711, 1.5152384E-7, 1.1654189
A -> !B, 122 406,	0.6282249, 0.9999998, 0.95334375
!A -> B, 122 406,	0.003391683, 0.021858135, 0.099355705
!A -> !B, 122 406,	0.15177631, 0.97814184, 1.254026 , valid negative
A -> B, 122 514,	0.3216676, 2.2501713E-7, 1.17163
A -> !B, 122 514,	0.5231644, 0.99999976, 0.9173737
!A -> B, 122 514,	0.0033048093, 0.021298267, 0.06553869
!A -> !B, 122 514,	0.15186319, 0.9787017, 1.4498692 , valid negative
A -> B, 122 857,	0.2001883, 1.4003832E-7, 1.0959667
A -> !B, 122 857,	0.6446437, 0.9999999, 0.97352785
!A -> B, 122 857,	0.016019315, 0.10323852, 0.4774972
!A -> !B, 122 857,	0.13914868, 0.8967615, 1.1441314 , valid negative
A -> B, 150 171,	0.20767315, 3.0646666E-7, 1.1053329
A -> !B, 150 171,	0.19280212, 0.9999997, 0.9069099
!A -> B, 150 171,	0.2614767, 0.43613997, 0.929639
!A -> !B, 150 171,	0.33804804, 0.56386006, 1.062183 , valid negative
A -> B, 20 122,	0.25391442, 5.852599E-7, 1.1721948
A -> !B, 20 122,	0.0024850965, 0.9999994, 0.062463153
!A -> B, 20 122,	0.5909176, 0.79467076, 0.9406258
!A -> !B, 20 122,	0.1526829, 0.20532921, 1.3232703
A -> B, 22 49,	0.29298285, 5.2994613E-7, 1.2877346
A -> !B, 22 49,	0.033747196, 0.99999946, 0.34015232
!A -> B, 22 49,	0.40336582, 0.59911454, 0.86036575
!A -> !B, 22 49,	0.26990417, 0.4008855, 1.3202164
A -> B, 308 516,	0.21984987, 3.6807464E-7, 1.228054
A -> !B, 308 516,	0.13314544, 0.99999964, 0.76532525
!A -> B, 308 516,	0.28730404, 0.44405246, 0.8755773
!A -> !B, 308 516,	0.35970068, 0.55594754, 1.1280348 , valid negative
A -> B, 469 516,	0.21414152, 5.183004E-7, 1.7292714
A -> !B, 469 516,	0.030031636, 0.99999946, 0.24955702
!A -> B, 469 516,	0.2930124, 0.38767135, 0.7644057
!A -> !B, 469 516,	0.46281442, 0.61232865, 1.2424338 , valid negative
A -> B, 49 121,	0.38780627, 3.291294E-7, 1.2970726
A -> !B, 49 121,	0.3085424, 0.99999964, 0.77647513
!A -> B, 49 121,	0.04155591, 0.13685404, 0.31873798
!A -> !B, 49 121,	0.26209542, 0.86314595, 1.5125986 , valid negative
A -> B, 49 149,	0.29575932, 2.510096E-7, 1.1331435
A -> !B, 49 149,	0.40058935, 0.99999976, 0.92017406
!A -> B, 49 149,	0.07906413, 0.260378, 0.6946684
!A -> !B, 49 149,	0.2245872, 0.739622, 1.183061 , valid negative
A -> B, 49 158,	0.31021604, 2.6327893E-7, 1.1164021
A -> !B, 49 158,	0.38613263, 0.99999976, 0.92270833
!A -> B, 49 158,	0.0888243, 0.2925207, 0.7330605
!A -> !B, 49 158,	0.21482703, 0.7074793, 1.1772492 , valid negative
A -> B, 49 220,	0.2175326, 1.8461893E-7, 1.145791
A -> !B, 49 220,	0.47881606, 0.9999998, 0.945352
!A -> B, 49 220,	0.055109024, 0.18148784, 0.6656645
!A -> !B, 49 220,	0.24854231, 0.81851214, 1.1253217 , valid negative
A -> B, 49 509,	0.2066992, 1.7542467E-7, 1.3408768
A -> !B, 49 509,	0.48964947, 0.9999998, 0.9030851
!A -> B, 49 509,	0.014673039, 0.048322, 0.21828389
!A -> !B, 49 509,	0.28897828, 0.951678, 1.2222502 , valid negative
A -> B, 49 905,	0.23657246, 2.0077796E-7, 1.2415701
A -> !B, 49 905,	0.45977622, 0.9999998, 0.9089978
!A -> B, 49 905,	0.037059084, 0.122044854, 0.44601896
!A -> !B, 49 905,	0.26659226, 0.8779552, 1.2086912 , valid negative
A -> B, 51 146,	0.2433375, 3.0904002E-7, 1.3119951
A -> !B, 51 146,	0.2220052, 0.9999997, 0.79324013
!A -> B, 51 146,	0.15523185, 0.29033896, 0.72845286
!A -> !B, 51 146,	0.37942547, 0.70966107, 1.179955 , valid negative
A -> B, 51 308,	0.20797455, 2.641289E-7, 1.2661011
A -> !B, 51 308,	0.25736815, 0.99999976, 0.85481954
!A -> B, 51 308,	0.14502075, 0.27124056, 0.7683971
!A -> !B, 51 308,	0.38963655, 0.7287594, 1.1263587 , valid negative
A -> B, 516 1051,	0.20078045, 2.3397004E-7, 1.6285657
A -> !B, 516 1051,	0.30637348, 0.99999976, 0.7981235
!A -> B, 516 1051,	0.042314738, 0.08585792, 0.35318643
!A -> !B, 516 1051,	0.45053133, 0.9141421, 1.2077371 , valid negative
A -> B, 516 603,	0.20079641, 2.3398863E-7, 1.6543099
A -> !B, 516 603,	0.3063575, 0.99999976, 0.7941327
!A -> B, 516 603,	0.038534775, 0.078188255, 0.32669482
!A -> !B, 516 603,	0.4543113, 0.92181176, 1.2118438 , valid negative
A -> B, 60 146,	0.24693839, 3.8465663E-7, 1.6330172
A -> !B, 60 146,	0.1324587, 0.99999964, 0.5804983
!A -> B, 60 146,	0.15163095, 0.24432845, 0.6130137
!A -> !B, 60 146,	0.46897197, 0.75567156, 1.2564566 , valid negative
A -> B, 8 171,	0.42738768, 3.2632636E-7, 1.1769608
A -> !B, 8 171,	0.34662566, 0.9999997, 0.8436072
!A -> B, 8 171,	0.041762143, 0.18479915, 0.3939022
!A -> !B, 8 171,	0.18422452, 0.81520087, 1.5356516 , valid negative
A -> B, 8 379,	0.3203834, 2.4462463E-7, 1.2443302
A -> !B, 8 379,	0.45362994, 0.99999976, 0.8782109
!A -> B, 8 379,	0.012265384, 0.054274816, 0.16315952
!A -> !B, 8 379,	0.21372128, 0.9457252, 1.4171326 , valid negative
A -> B, 8 469,	0.24090499, 1.839399E-7, 1.2746749
A -> !B, 8 469,	0.53310835, 0.9999998, 0.9112651
!A -> B, 8 469,	0.0032681674, 0.014461772, 0.059227522
!A -> !B, 8 469,	0.22271849, 0.98553824, 1.3039206 , valid negative
A -> B, 8 603,	0.2336583, 1.784068E-7, 1.2613438
A -> !B, 8 603,	0.540355, 0.9999998, 0.9177727
!A -> B, 8 603,	0.005672887, 0.025102751, 0.10488708
!A -> !B, 8 603,	0.22031377, 0.97489727, 1.2816317 , valid negative
A -> B, 84 122,	0.32720459, 5.766634E-7, 1.1549772
A -> !B, 84 122,	0.008127868, 0.9999994, 0.15620643
!A -> B, 84 122,	0.5176274, 0.7787764, 0.9218121
!A -> !B, 84 122,	0.14704013, 0.22122358, 1.4257036
A -> B, 1 171,	0.208338, 3.7686135E-7, 1.3592253
A -> !B, 1 171,	0.1183743, 0.99999964, 0.68252724
!A -> B, 1 171,	0.2608118, 0.38737053, 0.82568616
!A -> !B, 1 171,	0.41247588, 0.6126295, 1.1540534 , valid negative
A -> B, 122 472,	0.21374378, 1.4952084E-7, 1.1703706
A -> !B, 122 472,	0.63108826, 0.9999998, 0.95301354
!A -> B, 122 472,	0.0024283677, 0.015649926, 0.07239567
!A -> !B, 122 472,	0.15273963, 0.9843501, 1.2558243 , valid negative
A -> B, 122 878,	0.37786406, 2.643284E-7, 1.1166023
A -> !B, 122 878,	0.46696794, 0.99999976, 0.92208374
!A -> B, 122 878,	0.022695124, 0.14626163, 0.36514363
!A -> !B, 122 878,	0.13247287, 0.85373837, 1.4242246 , valid negative
A -> B, 123 516,	0.20143586, 5.205424E-7, 1.7367517
A -> !B, 123 516,	0.027260497, 0.99999946, 0.24185954
!A -> B, 123 516,	0.30571806, 0.39636537, 0.7815485
!A -> !B, 123 516,	0.4655856, 0.6036346, 1.2247934 , valid negative
A -> B, 124 146,	0.28254837, 3.1841532E-7, 1.351797
A -> !B, 124 146,	0.24186945, 0.9999997, 0.7668634
!A -> B, 124 146,	0.11602098, 0.24395569, 0.61207837
!A -> !B, 124 146,	0.3595612, 0.7560443, 1.2570765 , valid negative
A -> B, 124 308,	0.22893512, 2.5799633E-7, 1.2367048
A -> !B, 124 308,	0.2954827, 0.99999976, 0.8708576
!A -> B, 124 308,	0.124060184, 0.2608596, 0.7389889
!A -> !B, 124 308,	0.351522, 0.7391404, 1.1424034 , valid negative
A -> B, 124 524,	0.21044606, 2.3716026E-7, 1.2668301
A -> !B, 124 524,	0.31397176, 0.99999976, 0.8762875
!A -> B, 124 524,	0.10632464, 0.22356734, 0.70577025
!A -> !B, 124 524,	0.36925754, 0.77643263, 1.136416 , valid negative
A -> B, 14 122,	0.21112038, 5.874948E-7, 1.1766711
A -> !B, 14 122,	0.0012552589, 0.9999994, 0.038091358
!A -> B, 14 122,	0.63371164, 0.8045861, 0.95236224
!A -> !B, 14 122,	0.15391274, 0.19541389, 1.2593699
A -> B, 150 516,	0.2243207, 3.310337E-7, 1.1044698
A -> !B, 150 516,	0.17615457, 0.99999964, 0.8924973
!A -> B, 150 516,	0.28283322, 0.4717624, 0.93021536
!A -> !B, 150 516,	0.31669152, 0.52823764, 1.0718106 , valid negative
A -> B, 171 379,	0.22255245, 2.8034924E-7, 1.4260503
A -> !B, 171 379,	0.24659738, 0.9999997, 0.78763026
!A -> B, 171 379,	0.110096335, 0.20739625, 0.6234692
!A -> !B, 171 379,	0.42075384, 0.79260373, 1.1876861 , valid negative
A -> B, 22 51,	0.23775326, 4.300471E-7, 1.5637399
A -> !B, 22 51,	0.088976786, 0.9999996, 0.5093451
!A -> B, 22 51,	0.22758944, 0.3380359, 0.7264236
!A -> !B, 22 51,	0.44568056, 0.6619641, 1.2381091 , valid negative
A -> B, 22 60,	0.22215295, 4.018293E-7, 1.792128
A -> !B, 22 60,	0.104577094, 0.9999996, 0.51574343
!A -> B, 22 60,	0.15724415, 0.23355289, 0.6155895
!A -> !B, 22 60,	0.51602584, 0.7664471, 1.2350041 , valid negative
A -> B, 49 124,	0.4451711, 3.7781467E-7, 1.2190535
A -> !B, 49 124,	0.25117758, 0.99999964, 0.75845283
!A -> B, 49 124,	0.07924673, 0.26097935, 0.4976554
!A -> !B, 49 124,	0.2244046, 0.73902065, 1.5539284 , valid negative
A -> B, 49 142,	0.20662887, 1.7536497E-7, 1.3463223
A -> !B, 49 142,	0.4897198, 0.9999998, 0.90209055
!A -> B, 49 142,	0.013772979, 0.045357876, 0.20579626
!A -> !B, 49 142,	0.28987837, 0.9546422, 1.2245312 , valid negative
A -> B, 49 476,	0.26614136, 2.2587295E-7, 1.3013219
A -> !B, 49 476,	0.4302073, 0.99999976, 0.87470293
!A -> B, 49 476,	0.027556598, 0.09075079, 0.3089936
!A -> !B, 49 476,	0.27609473, 0.9092492, 1.2873377 , valid negative
A -> B, 49 511,	0.24899562, 2.1132144E-7, 1.3490342
A -> !B, 49 511,	0.44735307, 0.99999976, 0.8741199
!A -> B, 49 511,	0.01606305, 0.05289965, 0.19957714
!A -> !B, 49 511,	0.2875883, 0.9471004, 1.2886747 , valid negative
A -> B, 49 863,	0.2066596, 1.7539105E-7, 1.352306
A -> !B, 49 863,	0.48968905, 0.9999998, 0.9009446
!A -> B, 49 863,	0.012799621, 0.04215236, 0.19207376
!A -> !B, 49 863,	0.2908517, 0.95784765, 1.227159 , valid negative
A -> B, 51 121,	0.30969894, 3.9331943E-7, 1.5500405
A -> !B, 51 121,	0.15564376, 0.9999996, 0.5861358
!A -> B, 51 121,	0.11966324, 0.22381297, 0.5212685
!A -> !B, 51 121,	0.41499406, 0.776187, 1.3602096 , valid negative
A -> B, 51 149,	0.20649886, 2.6225476E-7, 1.1839081
A -> !B, 51 149,	0.25884384, 0.99999976, 0.88973826
!A -> B, 51 149,	0.16832459, 0.31482705, 0.8399343
!A -> !B, 51 149,	0.3663327, 0.6851729, 1.095967 , valid negative
A -> B, 51 158,	0.22500269, 2.857547E-7, 1.2117081
A -> !B, 51 158,	0.24034001, 0.9999997, 0.85942477
!A -> B, 51 158,	0.17403765, 0.32551253, 0.8157384
!A -> !B, 51 158,	0.36061966, 0.6744875, 1.1223507 , valid negative
A -> B, 6 121,	0.20124556, 4.5976182E-7, 1.8118846
A -> !B, 6 121,	0.05743988, 0.9999995, 0.3891177
!A -> B, 6 121,	0.22811662, 0.30771908, 0.7166888
!A -> !B, 6 121,	0.5131979, 0.6922809, 1.2131704 , valid negative
A -> B, 60 121,	0.29032695, 4.5224309E-7, 1.7822539
A -> !B, 60 121,	0.08907014, 0.9999995, 0.4114126
!A -> B, 60 121,	0.13903522, 0.2240325, 0.5217798
!A -> !B, 60 121,	0.48156768, 0.7759675, 1.3598249 , valid negative
A -> B, 8 147,	0.20442508, 1.5608614E-7, 1.1236889
A -> !B, 8 147,	0.56958824, 0.9999998, 0.96199584
!A -> B, 8 147,	0.030613765, 0.13546713, 0.57636064
!A -> !B, 8 147,	0.1953729, 0.8645329, 1.1301658 , valid negative
A -> B, 8 471,	0.2124702, 1.6222889E-7, 1.262062
A -> !B, 8 471,	0.5615431, 0.9999998, 0.9271564
!A -> B, 8 471,	0.0050346255, 0.022278419, 0.10242724
!A -> !B, 8 471,	0.22095203, 0.9777216, 1.2494922 , valid negative
A -> B, 8 516,	0.4843069, 3.697863E-7, 1.2337649
A -> !B, 8 516,	0.28970644, 0.99999964, 0.75944865
!A -> B, 8 516,	0.022847027, 0.10109901, 0.1993458
!A -> !B, 8 516,	0.20313963, 0.898901, 1.8238981 , valid negative
A -> B, 1 51,	0.22718048, 4.109454E-7, 1.4942821
A -> !B, 1 51,	0.09953183, 0.9999996, 0.5697981
!A -> B, 1 51,	0.23816222, 0.35373023, 0.76014996
!A -> !B, 1 51,	0.43512547, 0.64626974, 1.2087551 , valid negative
A -> B, 121 878,	0.2427932, 3.3418837E-7, 1.4117117
A -> !B, 121 878,	0.18656898, 0.99999964, 0.7248854
!A -> B, 121 878,	0.15776598, 0.27647305, 0.6902178
!A -> !B, 121 878,	0.41287184, 0.72352695, 1.2070031 , valid negative
A -> B, 122 147,	0.21211265, 1.4837981E-7, 1.0682098
A -> !B, 122 147,	0.63271934, 0.9999999, 0.9790421
!A -> B, 122 147,	0.022926196, 0.14775081, 0.62862295
!A -> !B, 122 147,	0.1322418, 0.8522492, 1.1141078 , valid negative
A -> B, 122 471,	0.21578446, 1.5094837E-7, 1.174305
A -> !B, 122 471,	0.6290475, 0.9999998, 0.9515496
!A -> B, 122 471,	0.0017203689, 0.011087137, 0.050974213
!A -> !B, 122 471,	0.15344763, 0.9889129, 1.2637943 , valid negative
A -> B, 122 516,	0.4941581, 3.4567992E-7, 1.1533357
A -> !B, 122 516,	0.3506739, 0.99999964, 0.84221274
!A -> B, 122 516,	0.012995839, 0.08375335, 0.16514383
!A -> !B, 122 516,	0.14217216, 0.91624665, 1.859093 , valid negative
A -> B, 124 514,	0.25941473, 2.9234508E-7, 1.5221964
A -> !B, 124 514,	0.2650031, 0.9999997, 0.74860364
!A -> B, 124 514,	0.06555769, 0.13784723, 0.42418134
!A -> !B, 124 514,	0.4100245, 0.86215276, 1.2772112 , valid negative
A -> B, 158 878,	0.20223606, 2.9951624E-7, 1.2652464
A -> !B, 158 878,	0.19680429, 0.9999997, 0.8227567
!A -> B, 158 878,	0.19832313, 0.3300107, 0.82387507
!A -> !B, 158 878,	0.40263653, 0.6699893, 1.1176904 , valid negative
A -> B, 171 422,	0.217126, 2.7351356E-7, 1.879814
A -> !B, 171 422,	0.25202382, 0.9999997, 0.71264464
!A -> B, 171 422,	0.029072478, 0.054765884, 0.22244605
!A -> !B, 171 422,	0.5017777, 0.9452341, 1.2539563 , valid negative
A -> B, 20 124,	0.2143655, 4.9410164E-7, 1.594264
A -> !B, 20 124,	0.042034015, 0.9999995, 0.34471336
!A -> B, 20 124,	0.31005234, 0.4169609, 0.79509294
!A -> !B, 20 124,	0.43354815, 0.5830391, 1.2259481 , valid negative
A -> B, 22 122,	0.32030955, 5.7937456E-7, 1.1604073
A -> !B, 22 122,	0.006420493, 0.9999994, 0.12664182
!A -> B, 22 122,	0.5245224, 0.779067, 0.9221561
!A -> !B, 22 122,	0.14874753, 0.22093296, 1.4238307
A -> B, 49 123,	0.21479101, 1.8229215E-7, 1.3487458
A -> !B, 49 123,	0.48155767, 0.9999998, 0.8965947
!A -> B, 49 123,	0.013905346, 0.045793794, 0.20023839
!A -> !B, 49 123,	0.289746, 0.9542062, 1.2371343 , valid negative
A -> B, 49 150,	0.30492848, 2.587914E-7, 1.0934415
A -> !B, 49 150,	0.3914202, 0.99999976, 0.9375822
!A -> B, 49 150,	0.09554678, 0.3146595, 0.7857153
!A -> !B, 49 150,	0.20810455, 0.68534046, 1.1431396 , valid negative
A -> B, 49 376,	0.215736, 1.8309416E-7, 1.3362268
A -> !B, 49 376,	0.48061267, 0.9999998, 0.8985144
!A -> B, 49 376,	0.016118601, 0.053082597, 0.22894779
!A -> !B, 49 376,	0.28753275, 0.9469175, 1.232732 , valid negative
A -> B, 49 51,	0.412311, 3.4992644E-7, 1.2724047
A -> !B, 49 51,	0.28403768, 0.99999964, 0.7629107
!A -> B, 49 51,	0.053031713, 0.17464674, 0.37530777
!A -> !B, 49 51,	0.25061962, 0.82535326, 1.5437052 , valid negative
A -> B, 49 60,	0.3409699, 2.8937959E-7, 1.2906107
A -> !B, 49 60,	0.35537878, 0.9999997, 0.8223391
!A -> B, 49 60,	0.038427204, 0.12655042, 0.33355665
!A -> !B, 49 60,	0.26522413, 0.87344956, 1.4074211 , valid negative
A -> B, 49 88,	0.21491334, 1.8239596E-7, 1.3232152
A -> !B, 49 88,	0.48143533, 0.9999998, 0.9016806
!A -> B, 49 88,	0.018328309, 0.06035972, 0.2587862
!A -> !B, 49 88,	0.28532302, 0.9396403, 1.2254713 , valid negative
A -> B, 51 878,	0.2628785, 3.3385723E-7, 1.4103129
A -> !B, 51 878,	0.2024642, 0.99999964, 0.7258201
!A -> B, 51 878,	0.13768068, 0.257512, 0.64288133
!A -> !B, 51 878,	0.39697662, 0.74248797, 1.2386343 , valid negative
A -> B, 516 524,	0.21344356, 2.487264E-7, 1.3286123
A -> !B, 516 524,	0.29371035, 0.99999976, 0.847643
!A -> B, 516 524,	0.10332714, 0.20965397, 0.6618478
!A -> !B, 516 524,	0.38951892, 0.79034597, 1.1567799 , valid negative
A -> B, 60 878,	0.2155723, 3.3579755E-7, 1.4185095
A -> !B, 60 878,	0.1638248, 0.99999964, 0.720343
!A -> B, 60 878,	0.18498689, 0.2980761, 0.7441499
!A -> !B, 60 878,	0.43561602, 0.7019239, 1.1709645 , valid negative
A -> B, 8 146,	0.36075735, 2.7545164E-7, 1.1693994
A -> !B, 8 146,	0.413256, 0.9999997, 0.8877387
!A -> B, 8 146,	0.037811995, 0.16731958, 0.41980043
!A -> !B, 8 146,	0.18817466, 0.8326804, 1.3844994 , valid negative
A -> B, 8 308,	0.32012928, 2.444306E-7, 1.1716774
A -> !B, 8 308,	0.45388407, 0.99999976, 0.9063356
!A -> B, 8 308,	0.03286603, 0.1454335, 0.41199842
!A -> !B, 8 308,	0.19312063, 0.8545665, 1.3208041 , valid negative
A -> B, 8 524,	0.2893861, 2.2095703E-7, 1.1802777
A -> !B, 8 524,	0.48462725, 0.99999976, 0.91641647
!A -> B, 8 524,	0.027384609, 0.121177986, 0.38254166
!A -> !B, 8 524,	0.19860205, 0.878822, 1.2862768 , valid negative
A -> B, 8 72,	0.2064244, 1.5761269E-7, 1.134385
A -> !B, 8 72,	0.5675889, 0.9999998, 0.9586955
!A -> B, 8 72,	0.028675318, 0.12688942, 0.53972596
!A -> !B, 8 72,	0.19731134, 0.8731106, 1.1414698 , valid negative
A -> B, 8 81,	0.3021024, 2.3066639E-7, 1.241217
A -> !B, 8 81,	0.47191095, 0.99999976, 0.8893555
!A -> B, 8 81,	0.012352228, 0.054659102, 0.17382191
!A -> !B, 8 81,	0.21363443, 0.9453409, 1.3789618 , valid negative
A -> B, 84 124,	0.26639134, 4.694865E-7, 1.5148411
A -> !B, 84 124,	0.06894112, 0.9999995, 0.43229195
!A -> B, 84 124,	0.25802648, 0.38820383, 0.7402568
!A -> !B, 84 124,	0.40664107, 0.6117962, 1.2864152 , valid negative
A -> B, 121 122,	0.42568326, 5.859241E-7, 1.1735252
A -> !B, 121 122,	0.003678918, 0.9999994, 0.055219714
!A -> B, 121 122,	0.41914874, 0.73452675, 0.86943525
!A -> !B, 121 122,	0.15148908, 0.26547325, 1.7108763
A -> B, 122 149,	0.33857107, 2.3684166E-7, 1.0691847
A -> !B, 122 149,	0.50626093, 0.99999976, 0.9585204
!A -> B, 122 149,	0.03625238, 0.2336331, 0.62331504
!A -> !B, 122 149,	0.11891562, 0.7663669, 1.2258408 , valid negative
A -> B, 122 158,	0.3590866, 2.5119294E-7, 1.0651531
A -> !B, 122 158,	0.4857454, 0.99999976, 0.95673794
!A -> B, 122 158,	0.03995374, 0.25748697, 0.6452655
!A -> !B, 122 158,	0.11521426, 0.742513, 1.2355455 , valid negative
A -> B, 122 220,	0.25006, 1.7492523E-7, 1.0856297
A -> !B, 122 220,	0.594772, 0.9999998, 0.9679028
!A -> B, 122 220,	0.022581637, 0.14553025, 0.5337785
!A -> !B, 122 220,	0.13258636, 0.8544698, 1.1747576 , valid negative
A -> B, 122 275,	0.21228462, 1.485001E-7, 1.1644087
A -> !B, 122 275,	0.6325474, 0.9999999, 0.9547584
!A -> B, 122 275,	0.0035110712, 0.022627547, 0.10485634
!A -> !B, 122 275,	0.15165693, 0.97737247, 1.2463237 , valid negative
A -> B, 122 338,	0.20090221, 1.4053774E-7, 1.0734755
A -> !B, 122 338,	0.6439298, 0.9999999, 0.97909164
!A -> B, 122 338,	0.020622522, 0.13290448, 0.59995323
!A -> !B, 122 338,	0.13454548, 0.86709553, 1.1138382 , valid negative
A -> B, 122 509,	0.2164186, 1.5139196E-7, 1.1571803
A -> !B, 122 509,	0.62841344, 0.9999998, 0.955312
!A -> B, 122 509,	0.0049536526, 0.03192445, 0.1442116
!A -> !B, 122 509,	0.15021434, 0.9680756, 1.2433099 , valid negative
A -> B, 122 590,	0.21420652, 1.4984454E-7, 1.147681
A -> !B, 122 590,	0.6306255, 0.9999998, 0.958122
!A -> B, 122 590,	0.006716579, 0.043285854, 0.19593176
!A -> !B, 122 590,	0.14845142, 0.95671415, 1.2280098 , valid negative
A -> B, 122 905,	0.25492027, 1.7832517E-7, 1.1027267
A -> !B, 122 905,	0.5899117, 0.9999998, 0.9613016
!A -> B, 122 905,	0.018711269, 0.12058716, 0.44069177
!A -> !B, 122 905,	0.13645673, 0.87941283, 1.210698 , valid negative
A -> B, 124 516,	0.36311656, 4.0921088E-7, 1.3653023
A -> !B, 124 516,	0.16130126, 0.9999996, 0.6240925
!A -> B, 124 516,	0.14403737, 0.30286536, 0.59718627
!A -> !B, 124 516,	0.33154482, 0.6971347, 1.4145079 , valid negative
A -> B, 171 514,	0.22574379, 2.8436938E-7, 1.4806682
A -> !B, 171 514,	0.24340604, 0.9999997, 0.7685963
!A -> B, 171 514,	0.099228635, 0.186924, 0.57519954
!A -> !B, 171 514,	0.43162155, 0.813076, 1.2045078 , valid negative
A -> B, 22 124,	0.25209004, 4.559794E-7, 1.4712591
A -> !B, 22 124,	0.074640006, 0.9999995, 0.48034915
!A -> B, 22 124,	0.27232778, 0.40448526, 0.7713034
!A -> !B, 22 124,	0.4009422, 0.5955148, 1.2521806 , valid negative
A -> B, 49 422,	0.20390797, 1.7305575E-7, 1.189384
A -> !B, 49 422,	0.4924407, 0.9999998, 0.9381455
!A -> B, 49 422,	0.04229051, 0.13927326, 0.56569505
!A -> !B, 49 422,	0.26136082, 0.8607268, 1.141848 , valid negative
A -> B, 51 122,	0.45059755, 5.722615E-7, 1.1461608
A -> !B, 51 122,	0.014745146, 0.9999994, 0.2042086
!A -> B, 51 122,	0.39423445, 0.73735917, 0.8727879
!A -> !B, 51 122,	0.14042285, 0.26264086, 1.6926227
A -> B, 516 878,	0.275593, 3.2114934E-7, 1.3566309
A -> !B, 516 878,	0.23156092, 0.9999997, 0.76169163
!A -> B, 516 878,	0.124966174, 0.25356025, 0.6330157
!A -> !B, 516 878,	0.3678799, 0.74643975, 1.2452267 , valid negative
A -> B, 6 122,	0.25669795, 5.864473E-7, 1.1745732
A -> !B, 6 122,	0.001987487, 0.9999994, 0.049514245
!A -> B, 6 122,	0.58813405, 0.79336643, 0.93908185
!A -> !B, 6 122,	0.15318048, 0.20663358, 1.3316766
A -> B, 6 49,	0.24239723, 5.5377615E-7, 1.3456401
A -> !B, 6 49,	0.016288206, 0.99999946, 0.2073605
!A -> B, 6 49,	0.45395142, 0.61236006, 0.8793872
!A -> !B, 6 49,	0.2873631, 0.38763994, 1.2765955
A -> B, 60 122,	0.3717249, 5.790369E-7, 1.159731
A -> !B, 60 122,	0.0076721907, 0.9999994, 0.13032365
!A -> B, 60 122,	0.4731071, 0.76233464, 0.90235054
!A -> !B, 60 122,	0.1474958, 0.23766536, 1.5316647
A -> B, 8 472,	0.20898573, 1.5956836E-7, 1.2490174
A -> !B, 8 472,	0.5650276, 0.9999998, 0.9313234
!A -> B, 8 472,	0.007186413, 0.031800162, 0.14710575
!A -> !B, 8 472,	0.21880025, 0.96819985, 1.2352201 , valid negative
A -> B, 8 878,	0.36749518, 2.8059623E-7, 1.1853224
A -> !B, 8 878,	0.40651816, 0.9999997, 0.8761636
!A -> B, 8 878,	0.033064008, 0.14630955, 0.36526328
!A -> !B, 8 878,	0.19292265, 0.85369045, 1.4241447 , valid negative
A -> B, 8 9,	0.23357497, 1.7834316E-7, 1.2068896
A -> !B, 8 9,	0.54043835, 0.9999998, 0.9310219
!A -> B, 8 9,	0.0164655, 0.072860494, 0.2913948
!A -> !B, 8 9,	0.20952116, 0.9271395, 1.2362528 , valid negative
A -> B, 81 516,	0.24912386, 4.682049E-7, 1.5621314
A -> !B, 81 516,	0.06533076, 0.9999995, 0.42154935
!A -> B, 81 516,	0.25803006, 0.37638655, 0.7421545
!A -> !B, 81 516,	0.42751533, 0.6236135, 1.265331 , valid negative
A -> B, 84 171,	0.23905343, 4.2130634E-7, 1.5195248
A -> !B, 84 171,	0.096279025, 0.9999996, 0.5408591
!A -> B, 84 171,	0.2300964, 0.3461827, 0.73789364
!A -> !B, 84 171,	0.43457115, 0.6538173, 1.2316419 , valid negative
A -> B, 88 122,	0.23029499, 5.835216E-7, 1.1687135
A -> !B, 88 122,	0.00294666, 0.9999994, 0.08141825
!A -> B, 88 122,	0.614537, 0.80147415, 0.9486788
!A -> !B, 88 122,	0.1522213, 0.1985258, 1.2794249
A -> B, 1 122,	0.31220117, 5.647388E-7, 1.131094
A -> !B, 1 122,	0.014511138, 0.99999946, 0.2862423
!A -> B, 1 122,	0.5326308, 0.7910895, 0.9363867
!A -> !B, 1 122,	0.14065686, 0.20891048, 1.3463503
A -> B, 1 49,	0.28906578, 5.2288937E-7, 1.2705871
A -> !B, 1 49,	0.037646532, 0.99999946, 0.37947598
!A -> B, 1 49,	0.4072829, 0.6049166, 0.8686978
!A -> !B, 1 49,	0.2660048, 0.39508343, 1.3011087
A -> B, 121 514,	0.25205693, 3.4693926E-7, 1.80646
A -> !B, 121 514,	0.17730525, 0.99999964, 0.6117533
!A -> B, 121 514,	0.072915494, 0.12777893, 0.39319932
!A -> !B, 121 514,	0.49772233, 0.87222105, 1.2921264 , valid negative
A -> B, 122 171,	0.44450682, 3.1094723E-7, 1.1214929
A -> !B, 122 171,	0.40032518, 0.9999997, 0.8926282
!A -> B, 122 171,	0.024643004, 0.158815, 0.33851656
!A -> !B, 122 171,	0.130525, 0.84118503, 1.5845996 , valid negative
A -> B, 122 379,	0.32344827, 2.2626276E-7, 1.1509291
A -> !B, 122 379,	0.52138376, 0.99999976, 0.92476773
!A -> B, 122 379,	0.009200513, 0.059293885, 0.17824772
!A -> !B, 122 379,	0.14596748, 0.94070613, 1.4096117 , valid negative
A -> B, 122 469,	0.24267855, 1.6976168E-7, 1.176422
A -> !B, 122 469,	0.6021534, 0.9999998, 0.9430061
!A -> B, 122 469,	0.0014946014, 0.00963215, 0.039448027
!A -> !B, 122 469,	0.1536734, 0.9903678, 1.3103106 , valid negative
A -> B, 122 603,	0.23392484, 1.6363816E-7, 1.1569289
A -> !B, 122 603,	0.6109072, 0.9999998, 0.95062506
!A -> B, 122 603,	0.00540635, 0.034841914, 0.14558034
!A -> !B, 122 603,	0.14976165, 0.9651581, 1.2688283 , valid negative
A -> B, 124 476,	0.23037949, 2.5962407E-7, 1.4957721
A -> !B, 124 476,	0.29403833, 0.99999976, 0.7938456
!A -> B, 124 476,	0.06331846, 0.13313884, 0.45331895
!A -> !B, 124 476,	0.41226372, 0.86686116, 1.2273237 , valid negative
A -> B, 124 511,	0.21726193, 2.4484135E-7, 1.5630187
A -> !B, 124 511,	0.3071559, 0.99999976, 0.7969457
!A -> B, 124 511,	0.04779674, 0.10050154, 0.37916714
!A -> !B, 124 511,	0.42778546, 0.8994985, 1.2239052 , valid negative
A -> B, 20 121,	0.22083268, 5.0900815E-7, 2.0059605
A -> !B, 20 121,	0.035566837, 0.99999946, 0.24309023
!A -> B, 20 121,	0.2085295, 0.28043216, 0.6531367
!A -> !B, 20 121,	0.535071, 0.71956784, 1.2609887 , valid negative
A -> B, 22 516,	0.25966176, 4.6967511E-7, 1.5670366
A -> !B, 22 516,	0.06706828, 0.9999995, 0.4165017
!A -> B, 22 516,	0.24749216, 0.3675972, 0.7248237
!A -> !B, 22 516,	0.42577782, 0.6324028, 1.283165 , valid negative
A -> B, 379 878,	0.20170832, 3.5835748E-7, 1.5138093
A -> !B, 379 878,	0.13094047, 0.99999964, 0.6566616
!A -> B, 379 878,	0.19885087, 0.29797032, 0.74388593
!A -> !B, 379 878,	0.46850038, 0.70202965, 1.1711409 , valid negative
A -> B, 49 1051,	0.2261764, 1.9195487E-7, 1.3361161
A -> !B, 49 1051,	0.4701723, 0.9999998, 0.89204955
!A -> B, 49 1051,	0.016918793, 0.05571783, 0.22920169
!A -> !B, 49 1051,	0.28673255, 0.94428223, 1.2475574 , valid negative
A -> B, 49 76,	0.21128586, 1.7931734E-7, 1.3132863
A -> !B, 49 76,	0.4850628, 0.9999998, 0.9058715
!A -> B, 49 76,	0.019752592, 0.06505024, 0.2815559
!A -> !B, 49 76,	0.28389874, 0.93494976, 1.2158602 , valid negative
A -> B, 49 878,	0.34683368, 2.9435614E-7, 1.2434486
A -> !B, 49 878,	0.349515, 0.9999997, 0.8373225
!A -> B, 49 878,	0.05372551, 0.17693159, 0.44171146
!A -> !B, 49 878,	0.24992582, 0.82306844, 1.3730603 , valid negative
A -> B, 51 514,	0.23792346, 3.0216415E-7, 1.5733229
A -> !B, 51 514,	0.22741924, 0.9999997, 0.7239904
!A -> B, 51 514,	0.08704896, 0.16281264, 0.50100446
!A -> !B, 51 514,	0.44760835, 0.8371874, 1.2402269 , valid negative
A -> B, 60 514,	0.22685307, 3.5336967E-7, 1.8399421
A -> !B, 60 514,	0.15254402, 0.99999964, 0.5956342
!A -> B, 60 514,	0.09811935, 0.15810327, 0.4865129
!A -> !B, 60 514,	0.5224836, 0.8418968, 1.2472035 , valid negative
A -> B, 8 422,	0.21891256, 1.6714786E-7, 1.14878
A -> !B, 8 422,	0.5551008, 0.9999998, 0.9514071
!A -> B, 8 422,	0.027285919, 0.12074128, 0.49042252
!A -> !B, 8 422,	0.19870074, 0.8792587, 1.1664326 , valid negative
A -> B, 8 51,	0.43915543, 3.3531148E-7, 1.2192616
A -> !B, 8 51,	0.3348579, 0.99999964, 0.8091641
!A -> B, 8 51,	0.02618727, 0.11587972, 0.24902017
!A -> !B, 8 51,	0.19979939, 0.8841203, 1.6536205 , valid negative
A -> B, 8 60,	0.36184713, 2.762837E-7, 1.2322042
A -> !B, 8 60,	0.4121662, 0.9999997, 0.8580451
!A -> B, 8 60,	0.017549962, 0.07765928, 0.20469129
!A -> !B, 8 60,	0.2084367, 0.9223407, 1.4862012 , valid negative
A -> B, 8 88,	0.22473793, 1.7159576E-7, 1.2448637
A -> !B, 8 88,	0.5492754, 0.9999998, 0.9255144
!A -> B, 8 88,	0.00850372, 0.037629303, 0.16133183
!A -> !B, 8 88,	0.21748294, 0.9623707, 1.2551161 , valid negative
A -> B, 81 124,	0.23725387, 4.4589638E-7, 1.4387254
A -> !B, 81 124,	0.07720074, 0.9999996, 0.51622367
!A -> B, 81 124,	0.28716394, 0.41888392, 0.79875994
!A -> !B, 81 124,	0.39838144, 0.5811161, 1.2219046 , valid negative
A -> B, 84 121,	0.26266044, 4.629112E-7, 1.824296
A -> !B, 84 121,	0.07267201, 0.9999995, 0.37977907
!A -> B, 84 121,	0.16670173, 0.2508047, 0.58413315
!A -> !B, 84 121,	0.4979658, 0.74919534, 1.3129086 , valid negative
A -> B, 9 124,	0.20201208, 4.774695E-7, 1.540599
A -> !B, 9 124,	0.048028395, 0.9999995, 0.40388915
!A -> B, 9 124,	0.32240576, 0.42989755, 0.8197615
!A -> !B, 9 124,	0.42755377, 0.57010245, 1.1987464 , valid negative
A -> B, 122 124,	0.50253063, 3.5153678E-7, 1.1342655
A -> !B, 122 124,	0.34230137, 0.99999964, 0.85194725
!A -> B, 122 124,	0.021887183, 0.14105475, 0.26897398
!A -> !B, 122 124,	0.13328081, 0.85894525, 1.8060923 , valid negative
A -> B, 122 142,	0.21854556, 1.5287984E-7, 1.1736981
A -> !B, 122 142,	0.62628645, 0.9999998, 0.9508935
!A -> B, 122 142,	0.0018562973, 0.011963145, 0.054278787
!A -> !B, 122 142,	0.1533117, 0.9880369, 1.2673669 , valid negative
A -> B, 122 476,	0.28836071, 2.0171785E-7, 1.162157
A -> !B, 122 476,	0.5564713, 0.9999998, 0.93257105
!A -> B, 122 476,	0.0053372383, 0.034396514, 0.11711527
!A -> !B, 122 476,	0.14983076, 0.9656035, 1.3671255 , valid negative
A -> B, 122 511,	0.2639996, 1.8467645E-7, 1.1789379
A -> !B, 122 511,	0.58083236, 0.9999998, 0.93546546
!A -> B, 122 511,	0.0010590553, 0.0068252175, 0.025749838
!A -> !B, 122 511,	0.15410894, 0.9931748, 1.351366 , valid negative
A -> B, 122 863,	0.21739136, 1.5207245E-7, 1.1725141
A -> !B, 122 863,	0.62744063, 0.9999998, 0.9514954
!A -> B, 122 863,	0.002067864, 0.013326613, 0.060724787
!A -> !B, 122 863,	0.15310013, 0.9866734, 1.2640895 , valid negative
A -> B, 146 524,	0.24287593, 3.6012992E-7, 1.9236921
A -> !B, 146 524,	0.15569341, 0.99999964, 0.57174164
!A -> B, 146 524,	0.07389477, 0.122864984, 0.38786727
!A -> !B, 146 524,	0.5275359, 0.87713504, 1.2838078 , valid negative
A -> B, 171 878,	0.24771672, 3.1204868E-7, 1.3181871
A -> !B, 171 878,	0.2214331, 0.9999997, 0.7873805
!A -> B, 171 878,	0.15284246, 0.28792015, 0.71879554
!A -> !B, 171 878,	0.3780077, 0.7120798, 1.1879069 , valid negative
A -> B, 20 516,	0.22065952, 5.0860905E-7, 1.696937
A -> !B, 20 516,	0.035739988, 0.99999946, 0.28283027
!A -> B, 20 516,	0.2864944, 0.38528, 0.7596905
!A -> !B, 20 516,	0.45710608, 0.61472, 1.247286 , valid negative
A -> B, 49 146,	0.33249158, 2.821841E-7, 1.1979811
A -> !B, 49 146,	0.3638571, 0.9999997, 0.8687975
!A -> B, 49 146,	0.06607777, 0.21761067, 0.54597944
!A -> !B, 49 146,	0.23757356, 0.78238934, 1.3008804 , valid negative
A -> B, 49 308,	0.30756015, 2.610249E-7, 1.251222
A -> !B, 49 308,	0.38878852, 0.99999976, 0.8629373
!A -> B, 49 308,	0.04543516, 0.14962938, 0.4238849
!A -> !B, 49 308,	0.25821617, 0.85037065, 1.314319 , valid negative
A -> B, 49 524,	0.27361202, 2.3221327E-7, 1.2404047
A -> !B, 49 524,	0.42273664, 0.99999976, 0.8885393
!A -> B, 49 524,	0.04315868, 0.14213236, 0.44869164
!A -> !B, 49 524,	0.26049265, 0.85786766, 1.2556071 , valid negative
A -> B, 6 51,	0.20022966, 4.574409E-7, 1.6633495
A -> !B, 6 51,	0.05845578, 0.9999995, 0.42264912
!A -> B, 6 51,	0.26511306, 0.3576256, 0.7685209
!A -> !B, 6 51,	0.47620147, 0.6423744, 1.2014694 , valid negative
A -> B, 72 122,	0.21823943, 5.4860493E-7, 1.09878
A -> !B, 72 122,	0.016860291, 0.99999946, 0.46217963
!A -> B, 72 122,	0.6265926, 0.81918204, 0.969639
!A -> !B, 72 122,	0.13830769, 0.18081795, 1.1653044
A -> B, 8 123,	0.22499737, 1.7179384E-7, 1.2710708
A -> !B, 8 123,	0.549016, 0.9999998, 0.9196258
!A -> B, 8 123,	0.0036989897, 0.016368177, 0.071571656
!A -> !B, 8 123,	0.22228767, 0.98363185, 1.2752848 , valid negative
A -> B, 8 150,	0.33079898, 2.525773E-7, 1.0671858
A -> !B, 8 150,	0.44321436, 0.99999976, 0.95512074
!A -> B, 8 150,	0.06967628, 0.3083203, 0.7698861
!A -> !B, 8 150,	0.15631038, 0.69167966, 1.1537133 , valid negative
A -> B, 8 22,	0.31352085, 2.393848E-7, 1.2397351
A -> !B, 8 22,	0.4604925, 0.99999976, 0.8836593
!A -> B, 8 22,	0.013209194, 0.058451213, 0.17889757
!A -> !B, 8 22,	0.21277747, 0.94154876, 1.3984714 , valid negative
A -> B, 8 376,	0.22354886, 1.7068785E-7, 1.2456851
A -> !B, 8 376,	0.5504645, 0.9999998, 0.92584324
!A -> B, 8 376,	0.008305743, 0.036753245, 0.15851851
!A -> !B, 8 376,	0.21768092, 0.96324676, 1.2539902 , valid negative
A -> B, 8 448,	0.20499834, 1.5652385E-7, 1.2601436
A -> !B, 8 448,	0.569015, 0.9999998, 0.9307748
!A -> B, 8 448,	0.005177051, 0.022908656, 0.1089978
!A -> !B, 8 448,	0.22080961, 0.9770914, 1.2370992 , valid negative
A -> B, 81 122,	0.30421337, 5.7174043E-7, 1.1451173
A -> !B, 81 122,	0.01024124, 0.9999994, 0.20989032
!A -> B, 81 122,	0.54061866, 0.78859645, 0.9334358
!A -> !B, 81 122,	0.14492676, 0.2114036, 1.3624175
A -> B, 84 516,	0.26632574, 4.693709E-7, 1.5660217
A -> !B, 84 516,	0.06900671, 0.9999995, 0.4175461
!A -> B, 84 516,	0.24082819, 0.3623288, 0.7144355
!A -> !B, 84 516,	0.42383936, 0.63767123, 1.2938547 , valid negative
A -> B, 9 122,	0.24058467, 5.686384E-7, 1.1389045
A -> !B, 9 122,	0.0094558, 0.9999994, 0.24371698
!A -> B, 9 122,	0.60424733, 0.80570656, 0.95368856
!A -> !B, 9 122,	0.1457122, 0.19429341, 1.2521487
A -> B, 9 49,	0.22656822, 5.355096E-7, 1.3012536
A -> !B, 9 49,	0.02347225, 0.99999946, 0.30914998
!A -> B, 9 49,	0.46978045, 0.62640774, 0.89956045
!A -> !B, 9 49,	0.28017908, 0.37359226, 1.2303331
